{
	"credit": "Made with Blockbench",
	"parent": "item/generated",
	"textures": {
		"layer0": "items/diamond_axe"
	},
	"display": {
		"thirdperson_righthand": {
			"rotation": [0, -90, 55],
			"translation": [0, 12.5, -1],
			"scale": [1.7, 1.7, 0.85]
		},
		"thirdperson_lefthand": {
			"rotation": [0, 90, -55],
			"translation": [0, 7, 0],
			"scale": [1.7, 1.7, 0.85]
		},
		"firstperson_righthand": {
			"rotation": [-20, -90, 10],
			"translation": [1.13, 8.45, -0.01],
			"scale": [1.36, 1.36, 0.68]
		},
		"firstperson_lefthand": {
			"rotation": [-20, -90, -80],
			"translation": [1.13, 5.2, -0.26],
			"scale": [1.36, 1.36, 0.68]
		},
		"ground": {
			"translation": [2.25, 4.75, 0]
		},
		"gui": {
			"translation": [2.5, 2.5, 0],
			"scale": [1.29, 1.29, 1.29]
		},
		"fixed": {
			"translation": [3.5, 3.5, 0],
			"scale": [1.54, 1.54, 1.54]
		}
	}
}