{
	"credit": "Made with Blockbench",
	"parent": "item/generated",
	"textures": {
		"layer0": "items/iron_pickaxe"
	},
	"display": {
		"thirdperson_righthand": {
			"rotation": [0, -90, 55],
			"translation": [0, 12.75, -0.75],
			"scale": [1.7, 1.7, 0.85]
		},
		"thirdperson_lefthand": {
			"rotation": [0, 90, -55],
			"translation": [0, 7, 0],
			"scale": [1.7, 1.7, 0.85]
		},
		"firstperson_righthand": {
			"rotation": [-20, -90, 10],
			"translation": [1.13, 8.45, -0.01],
			"scale": [1.36, 1.36, 0.68]
		},
		"firstperson_lefthand": {
			"rotation": [-20, -90, -80],
			"translation": [1.13, 5.2, -0.26],
			"scale": [1.36, 1.36, 0.68]
		},
		"ground": {
			"translation": [4.5, 5.75, 0],
			"scale": [1.25, 1.25, 1]
		},
		"gui": {
			"translation": [5.25, 5.25, 0],
			"scale": [1.65, 1.65, 1.65]
		},
		"fixed": {
			"translation": [5.5, 5.75, 0],
			"scale": [1.74, 1.74, 1.74]
		}
	}
}