{
	"credit": "Made with Blockbench",
	"parent": "item/generated",
	"textures": {
		"layer0": "items/stone_shovel"
	},
	"display": {
		"thirdperson_righthand": {
			"rotation": [0, -90, 55],
			"translation": [0, 9.25, 0],
			"scale": [1.7, 1.7, 0.85]
		},
		"thirdperson_lefthand": {
			"rotation": [0, 90, -55],
			"translation": [0, 7, 0],
			"scale": [1.7, 1.7, 0.85]
		},
		"firstperson_righthand": {
			"rotation": [-20, -90, 10],
			"translation": [1.13, 5.2, -0.26],
			"scale": [1.36, 1.36, 0.68]
		},
		"firstperson_lefthand": {
			"rotation": [-20, -90, -80],
			"translation": [1.13, 5.2, -0.26],
			"scale": [1.36, 1.36, 0.68]
		},
		"ground": {
			"translation": [3, 5.25, 0]
		},
		"gui": {
			"translation": [2.5, 2.5, 0],
			"scale": [1.47, 1.47, 1.47]
		},
		"fixed": {
			"translation": [3.5, 3.5, 0],
			"scale": [1.72, 1.72, 1.72]
		}
	}
}